{
  "decompositions": {
    "WT": {
      "E_sticker_sticker": -0.05374983690101601,
      "E_cross": -0.015964762064133848,
      "E_linker_linker": -0.005596248154046476,
      "H_chemistry": -0.07531084711919633,
      "phi_clustering": -0.028912213740458017,
      "phi_connectivity": 0.005925925925925926,
      "phi_percolation": -0.04409675584667565,
      "phi_arrangement": 0.025811943579412727,
      "phi_homology": -0.005732216795469746,
      "H_topology": -0.04700331687726475,
      "H_eff": -0.12231416399646108,
      "topology_fraction": 0.3842835150197707,
      "chemistry_fraction": 0.6157164849802292,
      "variant_name": "WT",
      "n_stickers": 28
    },
    "Y143S": {
      "E_sticker_sticker": -0.05285616402417824,
      "E_cross": -0.015267101068516434,
      "E_linker_linker": -0.00548466844381178,
      "H_chemistry": -0.07360793353650645,
      "phi_clustering": -0.028185745140388768,
      "phi_connectivity": 0.005384615384615384,
      "phi_percolation": -0.04409675584667565,
      "phi_arrangement": 0.0265056157387556,
      "phi_homology": -0.005660816316032719,
      "H_topology": -0.046053086179726144,
      "H_eff": -0.1196610197162326,
      "topology_fraction": 0.3848628926022667,
      "chemistry_fraction": 0.6151371073977333,
      "variant_name": "Y143S",
      "n_stickers": 27
    },
    "AllY_to_S": {
      "E_sticker_sticker": -0.024189082363945714,
      "E_cross": -0.002433745263949482,
      "E_linker_linker": -0.005557287244333968,
      "H_chemistry": -0.03218011487222917,
      "phi_clustering": -0.0,
      "phi_connectivity": 0.0,
      "phi_percolation": 0.0,
      "phi_arrangement": 0.02,
      "phi_homology": 0.0,
      "H_topology": 0.02,
      "H_eff": -0.012180114872229166,
      "topology_fraction": 0.38328777253505475,
      "chemistry_fraction": 0.6167122274649453,
      "variant_name": "AllY_to_S",
      "n_stickers": 1
    },
    "AllY_to_A": {
      "E_sticker_sticker": -0.02383369599295921,
      "E_cross": -0.0008991348690589139,
      "E_linker_linker": -0.001830115846699117,
      "H_chemistry": -0.02656294670871724,
      "phi_clustering": -0.0,
      "phi_connectivity": 0.0,
      "phi_percolation": 0.0,
      "phi_arrangement": 0.02,
      "phi_homology": 0.0,
      "H_topology": 0.02,
      "H_eff": -0.006562946708717241,
      "topology_fraction": 0.4295260805789105,
      "chemistry_fraction": 0.5704739194210895,
      "variant_name": "AllY_to_A",
      "n_stickers": 1
    },
    "AllY_to_F": {
      "E_sticker_sticker": -0.07377539448873602,
      "E_cross": -0.021387494807991878,
      "E_linker_linker": -0.007063952294368366,
      "H_chemistry": -0.10222684159109625,
      "phi_clustering": -0.02539981185324553,
      "phi_connectivity": 0.0044444444444444444,
      "phi_percolation": -0.05602280782740055,
      "phi_arrangement": 0.025811943579412727,
      "phi_homology": -0.010931191829350954,
      "H_topology": -0.06209742348613986,
      "H_eff": -0.16432426507723613,
      "topology_fraction": 0.3778956410177929,
      "chemistry_fraction": 0.6221043589822071,
      "variant_name": "AllY_to_F",
      "n_stickers": 28
    }
  },
  "csat_predictions": {
    "WT": 1.0,
    "Y143S": 1.0026566669822377,
    "AllY_to_S": 1.1164277165863576,
    "AllY_to_A": 1.122716524924152,
    "AllY_to_F": 0.9588600950002957
  },
  "sensitivities": {
    "E_sticker_sticker": 0.3011763564218807,
    "E_cross": 0.12659309622587614,
    "E_linker_linker": 0.027293074410697015,
    "phi_clustering": 0.21201303198690008,
    "phi_connectivity": 0.04101578289368785,
    "phi_percolation": 0.3754883537051805,
    "phi_arrangement": 0.046585516883048524,
    "phi_homology": 0.06453638920964445
  }
}