{
  "WT": {
    "name": "WT",
    "length": 214,
    "n_tyrosine": 27,
    "n_aromatic": 27,
    "tyrosine_fraction": 0.1261682242990654,
    "aromatic_fraction": 0.1261682242990654,
    "FCR": 0.028037383177570093,
    "NCPR": -0.018691588785046728,
    "SCD": 0.2821454964161737,
    "kappa_charge": 1.0,
    "sticker_fraction": 0.1308411214953271,
    "n_stickers": 28,
    "mean_linker_length": 6.666666666666667,
    "kappa_linker": 1.8206913871032138,
    "omega": 0.4776016537183791,
    "total_energy": -285.3437364457841,
    "mean_energy": -0.01252001827237875,
    "delta_G_proxy": -0.07531084711919633,
    "sticker_energy": -0.026874918450508004,
    "topology": {
      "n_contacts": 1539,
      "graph_density": 0.06752665525865473,
      "mean_degree": 14.383177570093459,
      "max_degree": 100.0,
      "sticker_n_contacts": 94,
      "sticker_graph_density": 0.24867724867724866,
      "sticker_clustering_coefficient": 0.5782442748091603,
      "sticker_mean_degree": 6.714285714285714,
      "sticker_avg_path_length": 1.5052631578947369,
      "sticker_n_components": 9,
      "percolation_threshold": -0.04409675584667565,
      "giant_component_onset": -0.04265833536940686,
      "max_betweenness": 0.07161311818174564,
      "mean_betweenness": 0.009768009768009771
    },
    "homology": {
      "h0_total_persistence": 0.32100414054630577,
      "h0_max_persistence": 0.02526610033243113,
      "h0_n_features": 28,
      "h0_mean_death": 0.01188904224245577,
      "h1_total_persistence": 0.0,
      "h1_max_persistence": 0.0,
      "h1_n_features": 0,
      "betti_0_auc": 1.6213306225993276,
      "betti_1_auc": 0.0
    },
    "entropy": {
      "spacing_entropy": 2.438986575756772,
      "normalized_spacing_entropy": 0.8129955252522573,
      "block_entropy": 2.5056558248337484,
      "interaction_entropy": 3.9873582542303216,
      "composition_entropy": 0.222284830685688
    }
  },
  "Y143S": {
    "name": "Y143S",
    "length": 214,
    "n_tyrosine": 26,
    "n_aromatic": 26,
    "tyrosine_fraction": 0.12149532710280374,
    "aromatic_fraction": 0.12149532710280374,
    "FCR": 0.028037383177570093,
    "NCPR": -0.018691588785046728,
    "SCD": 0.2821454964161737,
    "kappa_charge": 1.0,
    "sticker_fraction": 0.1261682242990654,
    "n_stickers": 27,
    "mean_linker_length": 6.961538461538462,
    "kappa_linker": 1.8091860493754837,
    "omega": 0.4833091298529164,
    "total_energy": -276.5785966218357,
    "mean_energy": -0.012135430504226918,
    "delta_G_proxy": -0.07360793353650645,
    "sticker_energy": -0.02642808201208912,
    "topology": {
      "n_contacts": 1546,
      "graph_density": 0.0678337940415076,
      "mean_degree": 14.448598130841122,
      "max_degree": 101.0,
      "sticker_n_contacts": 87,
      "sticker_graph_density": 0.24786324786324787,
      "sticker_clustering_coefficient": 0.5637149028077754,
      "sticker_mean_degree": 6.444444444444445,
      "sticker_avg_path_length": 1.5473684210526315,
      "sticker_n_components": 8,
      "percolation_threshold": -0.04409675584667565,
      "giant_component_onset": -0.039781494414869265,
      "max_betweenness": 0.12415201465201466,
      "mean_betweenness": 0.011851851851851855
    },
    "homology": {
      "h0_total_persistence": 0.30568408106576683,
      "h0_max_persistence": 0.02526610033243113,
      "h0_n_features": 27,
      "h0_mean_death": 0.011757080040991031,
      "h1_total_persistence": 0.0,
      "h1_max_persistence": 0.0,
      "h1_n_features": 0,
      "betti_0_auc": 1.6216282591403808,
      "betti_1_auc": 0.0
    },
    "entropy": {
      "spacing_entropy": 2.363713275750189,
      "normalized_spacing_entropy": 0.8419716570848635,
      "block_entropy": 2.4861755626027757,
      "interaction_entropy": 3.993091653681082,
      "composition_entropy": 0.228538143953528
    }
  },
  "AllY_to_S": {
    "name": "AllY_to_S",
    "length": 214,
    "n_tyrosine": 0,
    "n_aromatic": 0,
    "tyrosine_fraction": 0.0,
    "aromatic_fraction": 0.0,
    "FCR": 0.028037383177570093,
    "NCPR": -0.018691588785046728,
    "SCD": 0.2821454964161737,
    "kappa_charge": 1.0,
    "sticker_fraction": 0.004672897196261682,
    "n_stickers": 1,
    "mean_linker_length": 0.0,
    "kappa_linker": NaN,
    "omega": NaN,
    "total_energy": -251.17455185005616,
    "mean_energy": -0.011020778019834854,
    "delta_G_proxy": -0.03218011487222917,
    "sticker_energy": -0.012094541181972857,
    "topology": {
      "n_contacts": 17137,
      "graph_density": 0.7519196173928305,
      "mean_degree": 160.15887850467288,
      "max_degree": 196.0,
      "sticker_n_contacts": 0,
      "sticker_graph_density": 0.0,
      "sticker_clustering_coefficient": 0.0,
      "sticker_mean_degree": 0.0,
      "sticker_avg_path_length": 0.0,
      "sticker_n_components": 1,
      "percolation_threshold": 0.0,
      "giant_component_onset": 0.0,
      "max_betweenness": 0.0,
      "mean_betweenness": 0.0
    },
    "homology": {
      "h0_total_persistence": 0.0,
      "h0_max_persistence": 0.0,
      "h0_n_features": 1,
      "h0_mean_death": 0.0,
      "h1_total_persistence": 0.0,
      "h1_max_persistence": 0.0,
      "h1_n_features": 0,
      "betti_0_auc": 0.0,
      "betti_1_auc": 0.0
    },
    "entropy": {
      "spacing_entropy": 0.0,
      "normalized_spacing_entropy": 0.0,
      "block_entropy": 0.9182958340544896,
      "interaction_entropy": 0.0,
      "composition_entropy": -0.0
    }
  },
  "AllY_to_A": {
    "name": "AllY_to_A",
    "length": 214,
    "n_tyrosine": 0,
    "n_aromatic": 0,
    "tyrosine_fraction": 0.0,
    "aromatic_fraction": 0.0,
    "FCR": 0.028037383177570093,
    "NCPR": -0.018691588785046728,
    "SCD": 0.2821454964161737,
    "kappa_charge": 1.0,
    "sticker_fraction": 0.004672897196261682,
    "n_stickers": 1,
    "mean_linker_length": 0.0,
    "kappa_linker": NaN,
    "omega": NaN,
    "total_energy": -82.5640301606523,
    "mean_energy": -0.003622659390138752,
    "delta_G_proxy": -0.02656294670871724,
    "sticker_energy": -0.011916847996479605,
    "topology": {
      "n_contacts": 14539,
      "graph_density": 0.6379272519854329,
      "mean_degree": 135.8785046728972,
      "max_degree": 188.0,
      "sticker_n_contacts": 0,
      "sticker_graph_density": 0.0,
      "sticker_clustering_coefficient": 0.0,
      "sticker_mean_degree": 0.0,
      "sticker_avg_path_length": 0.0,
      "sticker_n_components": 1,
      "percolation_threshold": 0.0,
      "giant_component_onset": 0.0,
      "max_betweenness": 0.0,
      "mean_betweenness": 0.0
    },
    "homology": {
      "h0_total_persistence": 0.0,
      "h0_max_persistence": 0.0,
      "h0_n_features": 1,
      "h0_mean_death": 0.0,
      "h1_total_persistence": 0.0,
      "h1_max_persistence": 0.0,
      "h1_n_features": 0,
      "betti_0_auc": 0.0,
      "betti_1_auc": 0.0
    },
    "entropy": {
      "spacing_entropy": 0.0,
      "normalized_spacing_entropy": 0.0,
      "block_entropy": 0.9182958340544896,
      "interaction_entropy": 0.0,
      "composition_entropy": -0.0
    }
  },
  "AllY_to_F": {
    "name": "AllY_to_F",
    "length": 214,
    "n_tyrosine": 0,
    "n_aromatic": 27,
    "tyrosine_fraction": 0.0,
    "aromatic_fraction": 0.1261682242990654,
    "FCR": 0.028037383177570093,
    "NCPR": -0.018691588785046728,
    "SCD": 0.2821454964161737,
    "kappa_charge": 1.0,
    "sticker_fraction": 0.1308411214953271,
    "n_stickers": 28,
    "mean_linker_length": 6.666666666666667,
    "kappa_linker": 1.8206913871032138,
    "omega": 0.4776016537183791,
    "total_energy": -367.765755007664,
    "mean_energy": -0.01613644662400351,
    "delta_G_proxy": -0.10222684159109625,
    "sticker_energy": -0.03688769724436801,
    "topology": {
      "n_contacts": 939,
      "graph_density": 0.04120047387126497,
      "mean_degree": 8.77570093457944,
      "max_degree": 94.0,
      "sticker_n_contacts": 94,
      "sticker_graph_density": 0.24867724867724866,